User Interface Code,Screen ID,Type Restriction,Bundle,Datatype,List,Name,is container,is ripetibile,List Values
standard_object_ui,screen_12_22,fotografia,access,,,,FALSE,FALSE,
standard_object_ui,screen_12_22,fotografia,hierarchy_location,,,,FALSE,FALSE,
standard_object_ui,screen_12_22,fotografia,ca_attribute_genreform,Text,,Tipologia,FALSE,FALSE,
standard_object_ui,screen_12_22,fotografia,ca_attribute_object_qualification,List,bn_colore,Cromatismo,FALSE,FALSE,b/n; colore; vario; monocromo; colorato a mano; b/n e colore
standard_object_ui,screen_12_22,fotografia,ca_attribute_derivazione.derivazione_icona,Text,,Icona,TRUE,TRUE,
standard_object_ui,screen_12_22,fotografia,ca_attribute_derivazione.derivazione_tipo,List,tipologia_giuridica,Tipo,TRUE,TRUE,Copia autentica; Copia semplice; Originale; Copia vidimata; Copia imitativa; copia
standard_object_ui,screen_12_22,fotografia,ca_attribute_derivazione.derivazione_matrice,Text,,Numero matrice,TRUE,TRUE,
standard_object_ui,screen_12_22,fotografia,preferred_labels,,,,FALSE,FALSE,
standard_object_ui,screen_12_22,fotografia,ca_attribute_numerazione_provvisoria.temp_number,Numeric,,N. provvisorio,TRUE,FALSE,
standard_object_ui,screen_12_22,fotografia,ca_attribute_numerazione_provvisoria.temp_number_bis,List,bis_ter,Suffisso,TRUE,FALSE,bis; ter; quater; quinquies; 1; 2; 3; 4; 5; 6; 7; 8; 9; 10; 11; 12; 13; 14; 15; 16; 17; 18; 19; 20; 21; 22; 23; 24; 25; 26; 27; 28; 29; 30; a; b; c; d; e; f; g; h; i; j; k; l; m; n; o; p; q; r; s; t; u; v; w; x; y; z
standard_object_ui,screen_12_22,fotografia,ca_attribute_numerazione_provvisoria.siglaProvv,Text,,Prefisso,TRUE,FALSE,
standard_object_ui,screen_12_22,fotografia,ca_attribute_numerazione_definitiva.final_number,Numeric,,Numero definitivo,TRUE,FALSE,
standard_object_ui,screen_12_22,fotografia,ca_attribute_numerazione_definitiva.final_number_bis,List,bis_ter,Suffisso,TRUE,FALSE,bis; ter; quater; quinquies; 1; 2; 3; 4; 5; 6; 7; 8; 9; 10; 11; 12; 13; 14; 15; 16; 17; 18; 19; 20; 21; 22; 23; 24; 25; 26; 27; 28; 29; 30; a; b; c; d; e; f; g; h; i; j; k; l; m; n; o; p; q; r; s; t; u; v; w; x; y; z
standard_object_ui,screen_12_22,fotografia,ca_attribute_numerazione_definitiva.prefix,Text,,Prefisso,TRUE,FALSE,
standard_object_ui,screen_12_22,fotografia,ca_attribute_numerazione_definitiva.num_romano,Text,,Numero romano,TRUE,FALSE,
standard_object_ui,screen_12_22,fotografia,ca_attribute_date.date_display,Text,,Data (testo libero),TRUE,TRUE,
standard_object_ui,screen_12_22,fotografia,ca_attribute_date.date_notes,Text,,Note alla data/Motivazione della cronologia,TRUE,TRUE,
standard_object_ui,screen_12_22,fotografia,ca_attribute_date.data_range,DateRange,,Data (formati ammessi),TRUE,TRUE,
standard_object_ui,screen_12_22,fotografia,ca_attribute_date.tipo_data,Text,,Tipologia,TRUE,TRUE,
standard_object_ui,screen_12_22,fotografia,ca_entities,,,,FALSE,FALSE,
standard_object_ui,screen_12_22,fotografia,ca_attribute_inscriptions.lingua_iscrizioni,List,language_types,Lingua,TRUE,TRUE,ARA Arabo; CHI Cinese; ENG Inglese; FRE Francese; GER Tedesco; ITA Italiano; JPN Giapponese; POR Portoghese; RUS Russo; SPA Spagnolo; CAT Catalano; CZE Ceco; KOR Coreano; DAN Danese; HEB Ebraico; FIN Finlandese; GRE Greco moderno; IND Indonesiano; MAY Malese; NOR Norvegese; DUT Olandese; POL Polacco; SLO Slovacco; SWE Svedese; TUR Turco; HUN Ungherese; GRC Greco Antico (fino al 1453); FRM Francese Medio (1400-1600 ca.); LAT Latino; ARN Mapuche; RON Rumeno; US inglese
standard_object_ui,screen_12_22,fotografia,ca_attribute_inscriptions.posizione_iscrizioni,Text,,Posizione,TRUE,TRUE,
standard_object_ui,screen_12_22,fotografia,ca_attribute_inscriptions.tecnica_scrittura_iscrizioni,List,tecnicaScrittura,Tecnica di scrittura,TRUE,TRUE,dattiloscritta; manoscritta; dattiloscritta/manoscritta; varie
standard_object_ui,screen_12_22,fotografia,ca_attribute_inscriptions.trascrizione_iscrizioni,Text,,Trascrizione,TRUE,TRUE,
standard_object_ui,screen_12_22,fotografia,ca_attribute_inscriptions.qualificazione,Text,,Qualificazione,TRUE,TRUE,
standard_object_ui,screen_12_22,fotografia,ca_attribute_segnatura.segnatura2,Text,,Segnatura,TRUE,TRUE,
standard_object_ui,screen_12_22,fotografia,ca_attribute_segnatura.tipologia_segnatura,List,tipoSegnatura,Tipologia,TRUE,TRUE,originale; precedente inventario; segnatura digitale
standard_object_ui,screen_12_22,fotografia,ca_attribute_segnatura.note_segnatura,Text,,Note,TRUE,TRUE,
standard_object_ui,screen_12_22,fotografia,ca_attribute_scopecontent,Text,,Contenuto,FALSE,FALSE,
standard_object_ui,screen_12_22,fotografia,ca_attribute_tecnicaEsecutiva,Text,,Tecnica esecutiva,FALSE,FALSE,
standard_object_ui,screen_12_22,fotografia,ca_attribute_orientamento,List,orientamento,Orientamento,FALSE,FALSE,orizzontale; verticale
standard_object_ui,screen_12_22,fotografia,ca_attribute_medium_txt,Text,,Supporto,FALSE,FALSE,
standard_object_ui,screen_12_22,fotografia,ca_attribute_formato_foto,Text,,Formato,FALSE,FALSE,
standard_object_ui,screen_12_22,fotografia,ca_storage_locations,,,,FALSE,FALSE,
standard_object_ui,screen_12_22,fotografia,ca_attribute_container.container_type,Text,,Unità di conservazione,TRUE,TRUE,
standard_object_ui,screen_12_22,fotografia,ca_attribute_container.container_number,Text,,Numero / i,TRUE,TRUE,
standard_object_ui,screen_12_22,fotografia,ca_attribute_container.epoca,List,epoca,Epoca,TRUE,TRUE,coeva; successiva; originale
standard_object_ui,screen_12_22,fotografia,ca_attribute_container.titolo_unitacons,Text,,Titolo,TRUE,TRUE,
standard_object_ui,screen_12_22,fotografia,ca_attribute_physaccessrestrict.stato_conservazione_2,List,statoConservazione,Stato,TRUE,TRUE,ottimo; buono; discreto; mediocre; pessimo; cattivo; restaurato; vario
standard_object_ui,screen_12_22,fotografia,ca_attribute_physaccessrestrict.stato_cons_note,Text,,Note,TRUE,TRUE,
standard_object_ui,screen_12_22,fotografia,ca_attribute_physaccessrestrict.stcd,DateRange,,Data rilevazione,TRUE,TRUE,
standard_object_ui,screen_12_22,fotografia,ca_attribute_physaccessrestrict.descrizione_danni,Text,,Descrizione,TRUE,TRUE,
standard_object_ui,screen_12_22,fotografia,ca_attribute_physaccessrestrict.stcw,Text,,Tipo supporto,TRUE,TRUE,
standard_object_ui,screen_12_22,fotografia,ca_objects,,,,FALSE,FALSE,
standard_object_ui,screen_12_22,fotografia,ca_entities,,,,FALSE,FALSE,
standard_object_ui,screen_12_22,fotografia,ca_places,,,,FALSE,FALSE,
standard_object_ui,screen_12_22,fotografia,ca_object_representations,,,,FALSE,FALSE,
standard_object_ui,screen_12_22,fotografia,ca_attribute_nome_file,Text,,Nome file,FALSE,TRUE,
standard_object_ui,screen_12_22,fotografia,ca_attribute_note,Text,,Note,FALSE,TRUE,
standard_object_ui,screen_12_22,fotografia,ca_attribute_appunti_lavoro,Text,,Appunti di lavoro,FALSE,TRUE,
standard_object_ui,screen_12_10,fotografia,hierarchy_location,,,,FALSE,FALSE,
standard_object_ui,screen_12_10,fotografia,access,,,,FALSE,FALSE,
standard_object_ui,screen_12_10,fotografia,ca_attribute_genreform,Text,,Tipologia,FALSE,FALSE,
standard_object_ui,screen_12_10,fotografia,ca_attribute_DefinizioneCategoria,List,CategoriaOggetto,Categoria,FALSE,FALSE,diapositiva; negativo; positivo; unicum; digitale
standard_object_ui,screen_12_10,fotografia,ca_attribute_object_qualification,List,bn_colore,Cromatismo,FALSE,FALSE,b/n; colore; vario; monocromo; colorato a mano; b/n e colore
standard_object_ui,screen_12_10,fotografia,ca_attribute_derivazione.derivazione_icona,Text,,Icona,TRUE,TRUE,
standard_object_ui,screen_12_10,fotografia,ca_attribute_derivazione.derivazione_tipo,List,tipologia_giuridica,Tipo,TRUE,TRUE,Copia autentica; Copia semplice; Originale; Copia vidimata; Copia imitativa; copia
standard_object_ui,screen_12_10,fotografia,ca_attribute_derivazione.derivazione_matrice,Text,,Numero matrice,TRUE,TRUE,
standard_object_ui,screen_12_10,fotografia,ca_attribute_natura_foto,List,natura_foto,Natura,FALSE,FALSE,semplice; complessa; seriale
standard_object_ui,screen_12_10,fotografia,ca_attribute_ogts,List,ogts,Forma specifica,FALSE,FALSE,album; esemplare di serie; esemplare singolo; serie
standard_object_ui,screen_12_10,fotografia,preferred_labels,,,,FALSE,FALSE,
standard_object_ui,screen_12_10,fotografia,ca_attribute_title_reason,Text,,Motivazione titolo,FALSE,TRUE,
standard_object_ui,screen_12_10,fotografia,nonpreferred_labels,,,,FALSE,FALSE,
standard_object_ui,screen_12_10,fotografia,ca_attribute_stima.stima_valore,Text,,Valore,TRUE,TRUE,
standard_object_ui,screen_12_10,fotografia,ca_attribute_stima.stima_data,DateRange,,Data della stima,TRUE,TRUE,
standard_object_ui,screen_12_10,fotografia,ca_attribute_numerazione_provvisoria.temp_number,Numeric,,N. provvisorio,TRUE,FALSE,
standard_object_ui,screen_12_10,fotografia,ca_attribute_numerazione_provvisoria.temp_number_bis,List,bis_ter,Suffisso,TRUE,FALSE,bis; ter; quater; quinquies; 1; 2; 3; 4; 5; 6; 7; 8; 9; 10; 11; 12; 13; 14; 15; 16; 17; 18; 19; 20; 21; 22; 23; 24; 25; 26; 27; 28; 29; 30; a; b; c; d; e; f; g; h; i; j; k; l; m; n; o; p; q; r; s; t; u; v; w; x; y; z
standard_object_ui,screen_12_10,fotografia,ca_attribute_numerazione_provvisoria.siglaProvv,Text,,Prefisso,TRUE,FALSE,
standard_object_ui,screen_12_10,fotografia,ca_attribute_numerazione_definitiva.final_number,Numeric,,Numero definitivo,TRUE,FALSE,
standard_object_ui,screen_12_10,fotografia,ca_attribute_numerazione_definitiva.final_number_bis,List,bis_ter,Suffisso,TRUE,FALSE,bis; ter; quater; quinquies; 1; 2; 3; 4; 5; 6; 7; 8; 9; 10; 11; 12; 13; 14; 15; 16; 17; 18; 19; 20; 21; 22; 23; 24; 25; 26; 27; 28; 29; 30; a; b; c; d; e; f; g; h; i; j; k; l; m; n; o; p; q; r; s; t; u; v; w; x; y; z
standard_object_ui,screen_12_10,fotografia,ca_attribute_numerazione_definitiva.prefix,Text,,Prefisso,TRUE,FALSE,
standard_object_ui,screen_12_10,fotografia,ca_attribute_numerazione_definitiva.num_romano,Text,,Numero romano,TRUE,FALSE,
standard_object_ui,screen_12_10,fotografia,ca_attribute_numero_inventario.numero,Text,,Numero,TRUE,TRUE,
standard_object_ui,screen_12_10,fotografia,ca_attribute_numero_inventario.inventario,Text,,Inventario,TRUE,TRUE,
standard_object_ui,screen_12_10,fotografia,ca_attribute_resolution_content,Text,,Oggetto,FALSE,FALSE,
standard_object_ui,screen_12_10,fotografia,ca_attribute_volume,Text,,Volume,FALSE,FALSE,
standard_object_ui,screen_12_10,fotografia,ca_attribute_resolution_pages.resolution_starting_page,Numeric,,Iniziale,TRUE,FALSE,
standard_object_ui,screen_12_10,fotografia,ca_attribute_resolution_pages.starting_page_spec,List,bis_ter,suffisso,TRUE,FALSE,bis; ter; quater; quinquies; 1; 2; 3; 4; 5; 6; 7; 8; 9; 10; 11; 12; 13; 14; 15; 16; 17; 18; 19; 20; 21; 22; 23; 24; 25; 26; 27; 28; 29; 30; a; b; c; d; e; f; g; h; i; j; k; l; m; n; o; p; q; r; s; t; u; v; w; x; y; z
standard_object_ui,screen_12_10,fotografia,ca_attribute_resolution_pages.resolution_ending_page,Numeric,,Finale,TRUE,FALSE,
standard_object_ui,screen_12_10,fotografia,ca_attribute_resolution_pages.ending_page_spec,List,bis_ter,suffisso,TRUE,FALSE,bis; ter; quater; quinquies; 1; 2; 3; 4; 5; 6; 7; 8; 9; 10; 11; 12; 13; 14; 15; 16; 17; 18; 19; 20; 21; 22; 23; 24; 25; 26; 27; 28; 29; 30; a; b; c; d; e; f; g; h; i; j; k; l; m; n; o; p; q; r; s; t; u; v; w; x; y; z
standard_object_ui,screen_12_10,fotografia,ca_attribute_date.date_display,Text,,Data (testo libero),TRUE,TRUE,
standard_object_ui,screen_12_10,fotografia,ca_attribute_date.date_notes,Text,,Note alla data/Motivazione della cronologia,TRUE,TRUE,
standard_object_ui,screen_12_10,fotografia,ca_attribute_date.data_range,DateRange,,Data (formati ammessi),TRUE,TRUE,
standard_object_ui,screen_12_10,fotografia,ca_attribute_date.tipo_data,Text,,Tipologia,TRUE,TRUE,
standard_object_ui,screen_12_10,fotografia,ca_attribute_topical_date.topical_date_proper,Text,,Data topica,TRUE,FALSE,
standard_object_ui,screen_12_10,fotografia,ca_attribute_topical_date.ded_yes_no,List,yes_no,Deduzione,TRUE,FALSE,sì; no
standard_object_ui,screen_12_10,fotografia,ca_attribute_data_versamento,Text,,Data versamento,FALSE,FALSE,
standard_object_ui,screen_12_10,fotografia,ca_entities,,,,FALSE,FALSE,
standard_object_ui,screen_12_10,fotografia,ca_attribute_ambito_culturale,Text,,Ambito culturale,FALSE,TRUE,
standard_object_ui,screen_12_10,fotografia,ca_attribute_adressee_container.adressee,Entities,,Destinatario,TRUE,FALSE,
standard_object_ui,screen_12_10,fotografia,ca_attribute_adressee_container.position_office,Text,,Carica - Titolo,TRUE,FALSE,
standard_object_ui,screen_12_10,fotografia,ca_attribute_firma,Text,,Firma,FALSE,TRUE,
standard_object_ui,screen_12_10,fotografia,ca_attribute_destinazione,Text,,Destinazione,FALSE,TRUE,
standard_object_ui,screen_12_10,fotografia,ca_attribute_forma,Text,,Forma,FALSE,FALSE,
standard_object_ui,screen_12_10,fotografia,ca_attribute_data_arrivo,Text,,Data d'arrivo,FALSE,FALSE,
standard_object_ui,screen_12_10,fotografia,ca_attribute_extent2.extent_type,List,TipologiaConsistenza,Tipologia,TRUE,TRUE,busta/e; cartella/e; disegno/i; dossier; faldone/i; fascicolo/i; filza/e; foglio/fogli sciolti; fototipo/i; libro/i; manifesto/i; mappa/e; mazzo/i; opuscolo/i; pacco/pacchi; plico/plichi; quaderno/i; raccoglitore ad anelli; registro/i; rivista/e; rotolo/i; scatola/e; scheda/e; taccuino/i; volume/i; carta/e; pagina/e; pezzo/i; documento/i; stampa/e; nastro/i; bobina/e; disco/hi
standard_object_ui,screen_12_10,fotografia,ca_attribute_extent2.unit_extent,Numeric,,Quantità,TRUE,TRUE,
standard_object_ui,screen_12_10,fotografia,ca_attribute_extent2.consistenza_specifica,Text,,Consistenza (testo libero),TRUE,TRUE,
standard_object_ui,screen_12_10,fotografia,ca_attribute_stm.stmc,List,stmc,Tipologia,TRUE,TRUE,arme; bandiera; bollo; emblema; etichetta; ex libris; francobollo; impresa; insegna; marchio; motto; punzone; simbolo; stemma; timbro; logo
standard_object_ui,screen_12_10,fotografia,ca_attribute_stm.stmq,List,stmq,Qualificazione,TRUE,TRUE,timbro per numerazione inventariale; araldico; burocratico; cittadino; di città; di collezione; datario; di appartenenza; di autenticazione; culturale; di esenzione; di regione; istituzionale; numerario; numerico; politico; sociale; di fabbrica; dell'autore; di datazione; di esposizione; marchio tipografico; timbro di affissione; amministrativo; archivistico; di proprietà; postale; religioso; celebrativa; commemorativa; commerciale; copyright; dedicatoria; didascalica; documentaria; segnatura archivistica o di collezione; ex libris; editoriale; elogiativa; indicazione di responsabilità autoriale; letteraria; onoraria; pubblicitaria; titolazione; motto; altro
standard_object_ui,screen_12_10,fotografia,ca_attribute_stm.stmi,Text,,Identificazione,TRUE,TRUE,
standard_object_ui,screen_12_10,fotografia,ca_attribute_stm.stmu,Text,,Quantità,TRUE,TRUE,
standard_object_ui,screen_12_10,fotografia,ca_attribute_stm.stmp,Text,,Posizione,TRUE,TRUE,
standard_object_ui,screen_12_10,fotografia,ca_attribute_stm.stmd,Text,,Descrizione,TRUE,TRUE,
standard_object_ui,screen_12_10,fotografia,ca_attribute_stm.tecnica_esecutiva_stemmi,List,tecnica_esec_stemmi,Tecnica esecutiva,TRUE,TRUE,fotografica; litografica; manoscritta; digitale; punzone; timbro; su etichetta; altro
standard_object_ui,screen_12_10,fotografia,ca_attribute_inscriptions.lingua_iscrizioni,List,language_types,Lingua,TRUE,TRUE,ARA Arabo; CHI Cinese; ENG Inglese; FRE Francese; GER Tedesco; ITA Italiano; JPN Giapponese; POR Portoghese; RUS Russo; SPA Spagnolo; CAT Catalano; CZE Ceco; KOR Coreano; DAN Danese; HEB Ebraico; FIN Finlandese; GRE Greco moderno; IND Indonesiano; MAY Malese; NOR Norvegese; DUT Olandese; POL Polacco; SLO Slovacco; SWE Svedese; TUR Turco; HUN Ungherese; GRC Greco Antico (fino al 1453); FRM Francese Medio (1400-1600 ca.); LAT Latino; ARN Mapuche; RON Rumeno; US inglese
standard_object_ui,screen_12_10,fotografia,ca_attribute_inscriptions.posizione_iscrizioni,Text,,Posizione,TRUE,TRUE,
standard_object_ui,screen_12_10,fotografia,ca_attribute_inscriptions.tecnica_scrittura_iscrizioni,List,tecnicaScrittura,Tecnica di scrittura,TRUE,TRUE,dattiloscritta; manoscritta; dattiloscritta/manoscritta; varie
standard_object_ui,screen_12_10,fotografia,ca_attribute_inscriptions.trascrizione_iscrizioni,Text,,Trascrizione,TRUE,TRUE,
standard_object_ui,screen_12_10,fotografia,ca_attribute_inscriptions.qualificazione,Text,,Qualificazione,TRUE,TRUE,
standard_object_ui,screen_12_10,fotografia,ca_attribute_incipit,Text,,Incipit,FALSE,TRUE,
standard_object_ui,screen_12_10,fotografia,ca_attribute_explicit,Text,,Explicit,FALSE,TRUE,
standard_object_ui,screen_12_10,fotografia,ca_attribute_segnatura_ordinamento,Text,,Segnatura di riordinamento,FALSE,TRUE,
standard_object_ui,screen_12_10,fotografia,ca_attribute_id_export,Text,,Identificativo univoco,FALSE,FALSE,
standard_object_ui,screen_12_10,fotografia,idno,,,,FALSE,FALSE,
standard_object_ui,screen_12_13,fotografia,ca_attribute_tipologiaGiuridica,List,tipologia_giuridica,Tipologia giuridica,FALSE,FALSE,Copia autentica; Copia semplice; Originale; Copia vidimata; Copia imitativa; copia
standard_object_ui,screen_12_13,fotografia,ca_attribute_acqinfo,Text,,Modalità di acquisizione,FALSE,FALSE,
standard_object_ui,screen_12_13,fotografia,ca_attribute_bibliography,Text,,Bibliografia,FALSE,TRUE,
standard_object_ui,screen_12_13,fotografia,ca_attribute_relatedmaterial,Text,,Fonti collegate,FALSE,FALSE,
standard_object_ui,screen_12_13,fotografia,ca_attribute_protocollo,Text,,Protocollo,FALSE,FALSE,
standard_object_ui,screen_12_13,fotografia,ca_attribute_code,Text,,Classificazione,FALSE,TRUE,
standard_object_ui,screen_12_13,fotografia,ca_attribute_segnatura.segnatura2,Text,,Segnatura,TRUE,TRUE,
standard_object_ui,screen_12_13,fotografia,ca_attribute_segnatura.tipologia_segnatura,List,tipoSegnatura,Tipologia,TRUE,TRUE,originale; precedente inventario; segnatura digitale
standard_object_ui,screen_12_13,fotografia,ca_attribute_segnatura.note_segnatura,Text,,Note,TRUE,TRUE,
standard_object_ui,screen_12_16,fotografia,ca_attribute_physdesc,Text,,Descrizione fisica,FALSE,FALSE,
standard_object_ui,screen_12_16,fotografia,ca_attribute_scopecontent,Text,,Contenuto,FALSE,FALSE,
standard_object_ui,screen_12_16,fotografia,ca_attribute_subject,Text,,Identificazione del soggetto,FALSE,FALSE,
standard_object_ui,screen_12_16,fotografia,ca_attribute_descrizione_soggetto,Text,,Indicazioni sul soggetto,FALSE,FALSE,
standard_object_ui,screen_12_16,fotografia,ca_attribute_medium_txt,Text,,Supporto,FALSE,FALSE,
standard_object_ui,screen_12_16,fotografia,ca_attribute_altformavail,Text,,Esistenza e localizzazione di copie,FALSE,FALSE,
standard_object_ui,screen_12_25,fotografia,ca_attribute_DefinizioneCategoria,List,CategoriaOggetto,Categoria,FALSE,FALSE,diapositiva; negativo; positivo; unicum; digitale
standard_object_ui,screen_12_25,fotografia,ca_attribute_external_appearance,Text,,Caratteristiche tecniche,FALSE,FALSE,
standard_object_ui,screen_12_25,fotografia,ca_attribute_versione.versione_versione,Text,,Versione,TRUE,TRUE,
standard_object_ui,screen_12_25,fotografia,ca_attribute_versione.versione_specifiche,Text,,Specifiche,TRUE,TRUE,
standard_object_ui,screen_12_25,fotografia,ca_attribute_cod_colore,Text,,Codifica colore,FALSE,TRUE,
standard_object_ui,screen_12_25,fotografia,ca_attribute_sound.sonoro,List,yes_no,Sonoro,TRUE,FALSE,sì; no
standard_object_ui,screen_12_25,fotografia,ca_attribute_sound.mono_stereo,List,mono_stereo,Mono/Stereo,TRUE,FALSE,mono; stereo
standard_object_ui,screen_12_25,fotografia,ca_attribute_sound.noteSonoro,Text,,Note,TRUE,FALSE,
standard_object_ui,screen_12_25,fotografia,ca_attribute_process_medium,Text,,Materia e tecnica,FALSE,FALSE,
standard_object_ui,screen_12_25,fotografia,ca_attribute_tecnicaEsecutiva,Text,,Tecnica esecutiva,FALSE,FALSE,
standard_object_ui,screen_12_25,fotografia,ca_attribute_forma,Text,,Forma,FALSE,FALSE,
standard_object_ui,screen_12_25,fotografia,ca_attribute_scala,Text,,Scala,FALSE,FALSE,
standard_object_ui,screen_12_25,fotografia,ca_attribute_orientamento,List,orientamento,Orientamento,FALSE,FALSE,orizzontale; verticale
standard_object_ui,screen_12_25,fotografia,ca_attribute_legatura,List,legatura,Legatura,FALSE,FALSE,cartoncino; cartone; cuoio
standard_object_ui,screen_12_25,fotografia,ca_attribute_scrittura,List,scrittura,Modalità di scrittura,FALSE,TRUE,manoscritta; dattiloscritta; dattiloscritta e manoscritta; a stampa
standard_object_ui,screen_12_25,fotografia,ca_attribute_scrittura_tipo,List,tipo_scrittura,Tipologia di scrittura,FALSE,TRUE,bastarda; cancelleresca; carolingia; corsiva; gotica; inglese; miste; notarile; varie; umanistica; mercantesca
standard_object_ui,screen_12_25,fotografia,ca_attribute_originalmedium.originalmedium_y_n,List,yes_no,Supporto originale,TRUE,FALSE,sì; no
standard_object_ui,screen_12_25,fotografia,ca_attribute_originalmedium.originalmediumlocation,Text,,Collocazione supporto originale,TRUE,FALSE,
standard_object_ui,screen_12_25,fotografia,ca_attribute_medium_txt,Text,,Supporto,FALSE,FALSE,
standard_object_ui,screen_12_25,fotografia,ca_attribute_priorità,,,,FALSE,FALSE,
standard_object_ui,screen_12_25,fotografia,ca_attribute_dimensioni.dimensioni_supp,Text,,Supporto,TRUE,TRUE,
standard_object_ui,screen_12_25,fotografia,ca_attribute_dimensioni.dimensioni_unita,List,unita_misura,Unità di misura,TRUE,TRUE,mm; cm; m
standard_object_ui,screen_12_25,fotografia,ca_attribute_dimensioni.dimensioni_altezza,Text,,Altezza,TRUE,TRUE,
standard_object_ui,screen_12_25,fotografia,ca_attribute_dimensioni.dimensioni_larghezza,Text,,Larghezza,TRUE,TRUE,
standard_object_ui,screen_12_25,fotografia,ca_attribute_dimensioni.annotazioni,Text,,Annotazioni,TRUE,TRUE,
standard_object_ui,screen_12_25,fotografia,ca_attribute_dimensioni.dimensioni_generiche,Text,,Dimensioni complessive,TRUE,TRUE,
standard_object_ui,screen_12_25,fotografia,ca_attribute_profondita.UnitaMisuraProfondita,List,unita_misura,Unità di misura,TRUE,TRUE,mm; cm; m
standard_object_ui,screen_12_25,fotografia,ca_attribute_profondita.Profondita2,Text,,Profondità/Spessore,TRUE,TRUE,
standard_object_ui,screen_12_25,fotografia,ca_attribute_profondita.profondita_supp,Text,,Supporto,TRUE,TRUE,
standard_object_ui,screen_12_25,fotografia,ca_attribute_profondita.ann_profondita,Text,,Annotazioni,TRUE,TRUE,
standard_object_ui,screen_12_25,fotografia,ca_attribute_peso.unita_misura_4,List,unita_peso,Unità di misura,TRUE,TRUE,kg; g; hg
standard_object_ui,screen_12_25,fotografia,ca_attribute_peso.peso_sub,Text,,Peso,TRUE,TRUE,
standard_object_ui,screen_12_25,fotografia,ca_attribute_peso.peso_supp,Text,,Supporto,TRUE,TRUE,
standard_object_ui,screen_12_25,fotografia,ca_attribute_peso.peso_annotazioni,Text,,Annotazioni,TRUE,TRUE,
standard_object_ui,screen_12_25,fotografia,ca_attribute_formato_audio,Text,,Formato audio,FALSE,FALSE,
standard_object_ui,screen_12_25,fotografia,ca_attribute_formato_foto,Text,,Formato,FALSE,FALSE,
standard_object_ui,screen_12_25,fotografia,ca_attribute_FotoInterventoAutore.mtcx,List,tipoIntervento,Tipo intervento,TRUE,TRUE,decorazione; mascheratura; montatura; ritocco; verniciatura; viraggio
standard_object_ui,screen_12_25,fotografia,ca_attribute_FotoInterventoAutore.mtcd,Text,,Descrizione intervento,TRUE,TRUE,
standard_object_ui,screen_12_25,fotografia,ca_attribute_fil,Text,,Filigrana,FALSE,FALSE,
standard_object_ui,screen_12_25,fotografia,ca_attribute_length,Text,,Durata,FALSE,FALSE,
standard_object_ui,screen_12_25,fotografia,ca_attribute_restauroCont.TipoSupporto,Text,,Tipo supporto,TRUE,TRUE,
standard_object_ui,screen_12_25,fotografia,ca_attribute_restauroCont.enteResp,Text,,Ente responsabile,TRUE,TRUE,
standard_object_ui,screen_12_25,fotografia,ca_attribute_restauroCont.enteFinanz,Text,,Ente finanziatore,TRUE,TRUE,
standard_object_ui,screen_12_25,fotografia,ca_attribute_restauroCont.operatore,Text,,Operatore,TRUE,TRUE,
standard_object_ui,screen_12_25,fotografia,ca_attribute_restauroCont.schedaRestauro,Text,,Scheda restauro,TRUE,TRUE,
standard_object_ui,screen_12_25,fotografia,ca_attribute_restauroCont.dataIntervento,DateRange,,Data intervento,TRUE,TRUE,
standard_object_ui,screen_12_25,fotografia,ca_attribute_restoration.DataIntervento2,DateRange,,Data intervento,TRUE,TRUE,
standard_object_ui,screen_12_25,fotografia,ca_attribute_restoration.DescrizioneIntervento,Text,,Descrizione,TRUE,TRUE,
standard_object_ui,screen_12_23,fotografia,ca_attribute_accessrestrict,Text,,Consultabilità,FALSE,FALSE,
standard_object_ui,screen_12_23,fotografia,ca_attribute_reproduction,Text,,Riproduzioni e copyright,FALSE,FALSE,
standard_object_ui,screen_12_23,fotografia,ca_attribute_scarti_lacune,Text,,Scarti e lacune,FALSE,TRUE,
standard_object_ui,screen_12_23,fotografia,ca_attribute_otherfindingaid,Text,,Strumenti di ricerca,FALSE,TRUE,
standard_object_ui,screen_12_23,fotografia,ca_attribute_langmaterial,List,language_types,Lingua,FALSE,TRUE,ARA Arabo; CHI Cinese; ENG Inglese; FRE Francese; GER Tedesco; ITA Italiano; JPN Giapponese; POR Portoghese; RUS Russo; SPA Spagnolo; CAT Catalano; CZE Ceco; KOR Coreano; DAN Danese; HEB Ebraico; FIN Finlandese; GRE Greco moderno; IND Indonesiano; MAY Malese; NOR Norvegese; DUT Olandese; POL Polacco; SLO Slovacco; SWE Svedese; TUR Turco; HUN Ungherese; GRC Greco Antico (fino al 1453); FRM Francese Medio (1400-1600 ca.); LAT Latino; ARN Mapuche; RON Rumeno; US inglese
standard_object_ui,screen_12_23,fotografia,ca_attribute_lingua_originale,List,language_types,Lingua originale,FALSE,TRUE,ARA Arabo; CHI Cinese; ENG Inglese; FRE Francese; GER Tedesco; ITA Italiano; JPN Giapponese; POR Portoghese; RUS Russo; SPA Spagnolo; CAT Catalano; CZE Ceco; KOR Coreano; DAN Danese; HEB Ebraico; FIN Finlandese; GRE Greco moderno; IND Indonesiano; MAY Malese; NOR Norvegese; DUT Olandese; POL Polacco; SLO Slovacco; SWE Svedese; TUR Turco; HUN Ungherese; GRC Greco Antico (fino al 1453); FRM Francese Medio (1400-1600 ca.); LAT Latino; ARN Mapuche; RON Rumeno; US inglese
standard_object_ui,screen_12_23,fotografia,ca_attribute_scritturatxt,Text,,Scrittura,FALSE,FALSE,
standard_object_ui,screen_12_23,fotografia,ca_attribute_sottotitoli.sub_sottotitoli,List,yes_no,Sottotitoli,TRUE,TRUE,sì; no
standard_object_ui,screen_12_23,fotografia,ca_attribute_sottotitoli.lingua_sottotitoli,List,language_types,Lingua sottotitoli,TRUE,TRUE,ARA Arabo; CHI Cinese; ENG Inglese; FRE Francese; GER Tedesco; ITA Italiano; JPN Giapponese; POR Portoghese; RUS Russo; SPA Spagnolo; CAT Catalano; CZE Ceco; KOR Coreano; DAN Danese; HEB Ebraico; FIN Finlandese; GRE Greco moderno; IND Indonesiano; MAY Malese; NOR Norvegese; DUT Olandese; POL Polacco; SLO Slovacco; SWE Svedese; TUR Turco; HUN Ungherese; GRC Greco Antico (fino al 1453); FRM Francese Medio (1400-1600 ca.); LAT Latino; ARN Mapuche; RON Rumeno; US inglese
standard_object_ui,screen_12_23,fotografia,ca_attribute_RequisitiTecnici,Text,,Caratteristiche materiali e requisiti tecnici,FALSE,FALSE,
standard_object_ui,screen_12_23,fotografia,ca_attribute_physaccessrestrict.stato_conservazione_2,List,statoConservazione,Stato,TRUE,TRUE,ottimo; buono; discreto; mediocre; pessimo; cattivo; restaurato; vario
standard_object_ui,screen_12_23,fotografia,ca_attribute_physaccessrestrict.stato_cons_note,Text,,Note,TRUE,TRUE,
standard_object_ui,screen_12_23,fotografia,ca_attribute_physaccessrestrict.stcd,DateRange,,Data rilevazione,TRUE,TRUE,
standard_object_ui,screen_12_23,fotografia,ca_attribute_physaccessrestrict.descrizione_danni,Text,,Descrizione,TRUE,TRUE,
standard_object_ui,screen_12_23,fotografia,ca_attribute_physaccessrestrict.stcw,Text,,Tipo supporto,TRUE,TRUE,
standard_object_ui,screen_12_23,fotografia,ca_attribute_restauroCont.TipoSupporto,Text,,Tipo supporto,TRUE,TRUE,
standard_object_ui,screen_12_23,fotografia,ca_attribute_restauroCont.enteResp,Text,,Ente responsabile,TRUE,TRUE,
standard_object_ui,screen_12_23,fotografia,ca_attribute_restauroCont.enteFinanz,Text,,Ente finanziatore,TRUE,TRUE,
standard_object_ui,screen_12_23,fotografia,ca_attribute_restauroCont.operatore,Text,,Operatore,TRUE,TRUE,
standard_object_ui,screen_12_23,fotografia,ca_attribute_restauroCont.schedaRestauro,Text,,Scheda restauro,TRUE,TRUE,
standard_object_ui,screen_12_23,fotografia,ca_attribute_restauroCont.dataIntervento,DateRange,,Data intervento,TRUE,TRUE,
standard_object_ui,screen_12_23,fotografia,ca_storage_locations,,,,FALSE,FALSE,
standard_object_ui,screen_12_23,fotografia,ca_attribute_collocazione_front,List,collocazione_front,Collocazione Front,FALSE,FALSE,Martinez; Studio P0; Libreria destra; Libreria sinistra; Ripiano B; Ripiano C; Ripiano E; Ripiano G; Ripiano A; Ripiano F; Ripiano D; Ripiano A1; Ripiano A2; Ripiano A3; Ripiano A4; Ripiano B3; Ripiano B4; Ripiano C3; Ripiano C4; Ripiano D3; Ripiano D4; Ripiano E3; Ripiano E4; Ripiano F3; Ripiano G3; Studio P1; Armadi 1-8; Libreria; Ripiano A1; Ripiano A4; Ripiano D1; Ripiano C5; Ripiano C3; Ripiano D2; Ripiano A2; Ripiano A3; Ripiano A5; Ripiano B1; Ripiano B2; Ripiano B3; Ripiano B4; Ripiano B5; Ripiano C1; Ripiano C2; Ripiano C4; Ripiano E1; Ripiano F1; Ripiano G1; Living; San Genesio; Casa; Armadio 1; ripiano C; ripiano D; Ripiano A; Ripiano B; Armadio 2; Ripiano A; Ripiano B; Ripiano C; Ripiano D; Ripiano E; Ripiano F; Armadio 3; Ripiano B; Ripiano C; Ripiano D; Ripiano E; Ripiano F; Ripiano A; Chiesa; Armadio 01; Ripiano A; Ripiano B; Ripiano C; Ripiano D; Ripiano E; Ripiano F; Armadio 02; Ripiano C; Ripiano D; Ripiano H; Ripiano A; Ripiano B; Ripiano E; Ripiano F; Ripiano G; Armadio 03; Ripiano D; Ripiano E; Ripiano A; Ripiano B; Ripiano C; Ripiano F; Armadio 04; Ripiano C; Ripiano D; Ripiano E; Ripiano F; Ripiano G; Ripiano H; Ripiano I; Ripiano A; Ripiano B; Armadio 05; Ripiano C; Ripiano D; Ripiano E; Ripiano F; Ripiano G; Ripiano H; Ripiano A; Ripiano B; Armadio 06; Ripiano C; Ripiano D; Ripiano E; Ripiano F; Ripiano G; Ripiano H; Ripiano I; Ripiano A; Ripiano B; Armadio 07; Ripiano C; Ripiano D; Ripiano E; Ripiano F; Ripiano G; Ripiano H; Ripiano I; Ripiano A; Ripiano B; Armadio 08; Ripiano C; Ripiano D; Ripiano E; Ripiano F; Ripiano G; Ripiano H; Ripiano I; Ripiano A; Ripiano B; Armadio 09; Ripiano D; Ripiano E; Ripiano F; Ripiano G; Ripiano I; Ripiano A; Ripiano B; Ripiano C; Ripiano H; Armadio 10; Ripiano A; Ripiano B; Altare; Fienile; Armadio 1; Ripiano B; Ripiano C; Ripiano D; Ripiano E; Ripiano F; Ripiano A; Pavimento; Nicchia; Ripiano A; Ripiano B; Ripiano C; Pavimento; Scrivania; DeSabbio; p-01; a01; s01; A; 5248; 5249; B; 5808; C; 5805; D; 5774; E; 1215; 5806; s02; A; 5762; 937; B; C; 1466; 1470; D; 15631; 515; E; 1452; s03; A; 15137; 15629; 16058; B; C; 1488; 19606; D; 5305; 5549; E; 5769; s04; A; 15256; 15902; 3060; B; C; 14360; 15617; 5783; D; 14359; E; 15900; 5757; s05; A; 16039; 19778; B; 2630; 5753; C; D; E; 13837; s06; A; B; 469; C; 501; D; 14792; E; s07; A; 1214; 15139; B; 5747; C; 13697; 5800; D; 13698; 5804; E; 14365; 15616; 22829; s08; A; 14965; 15555; 16988; B; 13836; 20803; 5550; C; 16010; D; 750; E; 584; 749; s09; A; 1211; 21826; B; 748; C; 782; 819; D; 820; E; 14040; 15615; s10; A; 15769; 2091; 585; B; 437; C; 13699; D; E; 14358; s100; A; 1340; 18826; 2126; B; 13167; 25010; 5037; C; 24965; 24997; SN; D; 16750; 19800; 24954; E; 20531; 28030; 29515; s101; A; 23635; 23636; 24957; B; 22822; 25806; 25853; C; 25537; 27712; 28951; D; 22824; 25652; 25849; E; 22830; 25563; 26 SG; 34 SG; s102; A; 18 SG; 27 SG; 32 SG; 34 SG; 36 SG; 42 SG; B; 102 SG; 28 SG; 29 SG; 33 SG; 38 SG; 41 SG; C; 15 SG; 16 SG; 21 SG; 25 SG; 31 SG; 56 SG; D; 22 SG; 29 SG; 55 SG; E; 12 SG; 13 SG; 39 SG; 40 SG; s103; A; 05 SG; 10 SG; 11 SG; B; 03 SG; 07 SG; 14 SG; C; 01 SG; 08 SG; 09 SG; D; 02 SG; 04 SG; 06 SG; E; dalmo 03; dalmo 29; dalmo 77; s104; A; dalmo 10; dalmo 20; dalmo 66; B; dalmo 02; dalmo 65; dalmo 68; C; dalmo 05; dalmo 28; dalmo 54; D; dalmo 09; dalmo 26; dalmo 61; E; dalmo 01; dalmo 33; dalmo 70; s105; A; dalmo 43; dalmo 55; damo 42; B; dalmo 14; dalmo 46; dalmo 57; C; dalmo 07; dalmo 49; dalmo 56; D; dalmo 50; dalmo 72; dalmo 74; dalmo pacco; E; dalmo 25; dalmo 41; dalmo 63; s106; A; dalmo 52; dalmo 59; B; dalmo 13; dalmo 53; dalmo 76; C; dalmo 11; dalmo 38; dalmo 40; D; dalmo 22; dalmo 37; dalmo 71; E; dalmo 12; dalmo 19; dalmo 69; s107; A; dalmo 08; dalmo 39; dalmo 58; B; dalmo 36; dalmo 47; dalmo 73; C; dalmo 24; dalmo 32; dalmo 75; D; dalmo 05; dalmo 23; dalmo 32; E; dalmo 17; dalmo 45; dalmo 60; s108; A; dalmo 30; dalmo 48; dalmo 64; B; dalmo 04; dalmo 27; dalmo 44; C; dalmo 18; dalmo 34; dalmo 62; D; dalmo 16; dalmo 51; dalmo 67; E; dalmo 15; dalmo 21; dalmo 31; s109; A; dalmi 04; dalmi 06; dalmi 23; B; dalmi 03; dalmi 10; dalmi 11; C; dalmi 20; dalmi 21; dalmi 24; D; dalmi 08; dalmi 17; dalmi 22; E; dalmi 13; dalmi 14; dalmi 25; s11; A; 14355; 16368; B; C; 26; 536; D; 537; 906; E; 14039; 14042; 14785; s110; A; dalmi 18; dalmi 26; dalmi 28; B; dalmi 09; dalmi 15; dalmi 27; C; dalmi 01; dalmi 05; dalmi 19; D; dalmi 02; dalmi 07; dalmi 12; E; 21861; 23170; dalmi 16; s111; A; 10031; B; 19220; 21894; C; 21926; D; 25854; 27785; E; 23446; 25800; s112; A; dalpe 202; dalpe 203; dalpe 210; B; dalpe 205; dalpe 206; dalpe 207; C; dalpe 204; dalpe 208; dalpe 209; D; dalpe 211; dalpe 212; dalpe 213; E; dalpe 253; dalpe 254; dalpe 255; s113; A; dalpe 217; dalpe 218; dalpe 219; B; dalpe 220; dalpe 221; dalpe 222; C; dalpe 223; dalpe 224; dalpe 225; D; dalpe 226; dalpe 227; dalpe 228; E; dalpe 229; dalpe 230; dalpe 231; s114; A; dalpe 235; dalpe 236; dalpe 237; B; dalpe 238; dalpe 239; dalpe 240; C; dalpe 241; dalpe 242; dalpe 243; D; dalpe 244; dalpe 245; dalpe 246; E; dalpe 247; dalpe 248; dalpe 249; s115; A; 03 TU; 05 TU; 06 TU; B; dalpe 256; dalpe 257; dalpe 258; C; dalpe 259; dalpe 260; dalpe 261; D; dalpe 262; dalpe 263; dalpe 264; E; dalpe 265; dalpe 266; dalpe 267; s116; A; 19 TU; 21 TU; 31 TU; B; 04 TU; 20 TU; 25 TU; C; 22 TU; 23 TU; 24 TU; D; 26 TU; 27 TU; 32 TU; E; 28 TU; 29 TU; 30 TU; s117; A; 01 TU; 02 TU; 33 TU; B; 07 TU; 08 TU; 09 TU; C; 10 TU; 11 TU; 12 TU; D; 13 TU; 14 TU; 15 TU; E; 16 TU; 17 TU; 18 TU; s118; A; 22820; 25006; 25506; B; 22813; 22901; 25873; C; 1176; 25629; 25869; D; 22818; 22821; 22823; E; 21663; 22817; 27765; s119; A; 1469; 24989; 27265; B; 1470; 25844; 25874; C; 21858; 22814; 25892; D; 1120; 21448; 29206; E; dalpe 163; dalpe 164; dalpe 165; s12; A; 1016; 19602; 33; B; 15252; 35; 40; C; 31; 34; 43; D; 37; 48; E; 36; s120; A; dalpe 199; dalpe 200; dalpe 201; B; dalpe 129; dalpe 146; dalpe 216; C; dalpe 215; dalpe 233; dalpe 234; D; dalpe 214; dalpe 232; dalpe 251; E; dalpe 127; dalpe 145; dalpe 147; s121; A; dalpe 181; dalpe 182; dalpe 183; B; dalpe 109; dalpe 128; dalpe 268; C; dalpe 110; dalpe 111; dalpe 91; D; dalpe 252; dalpe 270; dalpe 92; E; dalpe 250; dalpe 269; dalpe 93; s122; A; dalpe 01; dalpe 02; dalpe 03; B; dalpe 19; dalpe 20; dalpe 73; C; dalpe 21; dalpe 37; dalpe 38; D; dalpe 55; dalpe 56; dalpe 57; E; dalpe 39; dalpe 74; dalpe 75; s123; A; dalpe 04; dalpe 05; dalpe 06; B; dalpe 07; dalpe 08; dalpe 09; C; dalpe 10; dalpe 11; dalpe 12; D; dalpe 13; dalpe 14; dalpe 15; E; dalpe 16; dalpe 17; dalpe 18; s124; A; dalpe 22; dalpe 23; dalpe 24; B; dalpe 25; dalpe 26; dalpe 27; C; dalpe 28; dalpe 29; dalpe 30; D; dalpe 31; dalpe 32; dalpe 33; E; dalpe 34; dalpe 35; dalpe 36; s125; A; dalpe 40; dalpe 41; dalpe 42; B; dalpe 43; dalpe 44; dalpe 45; C; dalpe 46; dalpe 47; dalpe 48; D; dalpe 49; dalpe 50; dalpe 51; E; dalpe 52; dalpe 53; dalpe 54; s126; A; dalpe 58; dalpe 59; dalpe 60; B; dalpe 61; dalpe 62; dalpe 63; C; dalpe 64; dalpe 65; dalpe 66; D; dalpe 67; dalpe 68; dalpe 69; E; dalpe 70; dalpe 71; dalpe 72; s127; A; dalpe 76; dalpe 77; dalpe 78; B; dalpe 79; dalpe 80; dalpe 81; C; dalpe 83; dalpe 84; dalpe 92; D; dalpe 85; dalpe 86; dalpe 87; E; dalpe 88; dalpe 89; dalpe 90; s128; A; dalpe 94; dalpe 95; dalpe 96; B; dalpe 97; dalpe 98; dalpe 99; C; dalpe 100; dalpe 101; dalpe 102; D; dalpe 103; dalpe 104; dalpe 105; E; dalpe 106; dalpe 107; dalpe 108; s129; A; dalpe 112; dalpe 113; dalpe 114; B; dalpe 115; dalpe 116; dalpe 117; C; dalpe 118; dalpe 119; dalpe 120; D; dalpe 121; dalpe 122; dalpe 123; E; dalpe 124; dalpe 125; dalpe 126; s13; A; 15136; B; 14044; 14356; C; 28; 800; 913; D; 25; 32; 906; E; 29; 914; 940; s130; A; dalpe 130; dalpe 131; dalpe 132; B; dalpe 133; dalpe 134; dalpe 135; C; dalpe 136; dalpe 137; dalpe 138; D; dalpe 139; dalpe 140; dalpe 141; E; dalpe 142; dalpe 143; dalpe 144; s131; A; dalpe 148; dalpe 149; dalpe 150; B; dalpe 151; dalpe 152; dalpe 153; C; dalpe 154; dalpe 155; dalpe 156; D; dalpe 157; dalpe 158; dalpe 159; E; dalpe 160; dalpe 161; dalpe 162; s132; A; dalpe 166; dalpe 167; dalpe 168; B; dalpe 169; dalpe 170; dalpe 171; C; dalpe 172; dalpe 173; dalpe 174; D; dalpe 175; dalpe 176; dalpe 177; E; dalpe 178; dalpe 179; dalpe 180; s133; A; dalpe 184; dalpe 185; dalpe 186; B; dalpe 187; dalpe 188; dalpe 189; C; dalpe 190; dalpe 191; dalpe 192; D; dalpe 193; dalpe 194; dalpe 195; E; dalpe 196; dalpe 197; dalpe 198; s14; A; 15714; 30; 5826; B; 15553; C; 907; D; 171; 666; 754; E; 1114; 1300; s15; A; 19735; 905; B; C; 19610; 904; D; 20800; E; s16; A; 19601; B; 54; 771; C; 15258; 57; D; E; s17; A; 996; B; 15138; C; 15618; 16987; 16989; D; 1281; 59; E; 16278; s18; A; 14791; 16145; B; C; 20797; D; E; 16251; s19; A; 575; B; 1350; C; 15249; 16986; 576; D; 14796; 15897; 19865; E; 19830; s20; A; 16046; B; C; 1213; 17731; D; E; 16042; 17732; s21; A; 16139; B; 13927; 16367; C; 16012; 16142; D; 16045; 17727; E; 13908; 16023; 20034; s22; A; 16089; 18146; B; 17352; C; 16044; D; 13884; 21004; E; 16037; 16068; 16751; s23; A; 15277; 16749; 19917; B; 24251; 24272; C; 17193; 20366; 20685; D; 13942; 19806; E; 15280; 15356; 19905; s24; A; 15278; 17465; 19452; B; 20368; C; 19446; 20369; D; 15279; 15630; 18187; E; 15767; s25; A; 14031; 14051; B; 14070; 14800; C; 13123; 17457; 5729; D; 14034; 14038; E; 14035; 16019; s26; A; 1383; 6347; B; 14037; 5678; C; 14050; 15790; 2495; D; 14088; E; 19605; 20804; 21819; s27; A; 20163; 6354; B; 13171; 16018; 9611; C; 14032; 5027; D; 19732; 742 pd; E; 1471; 6356; s28; A; 16377; 16904; 20195; B; 16268; 5680; C; 17406; 6355; 6357; D; 14030; E; 20798; 5086; s29; A; 17410; B; 5735; C; 20664; 6338; D; 16810; sn; E; 13651; 14224; s30; A; 12465; 15733; B; 13238; C; 6373; D; 6849; E; 15730; 15731; 20192; s31; A; 14225; 24252; 6467; B; 14516; 20189; 21624; C; 17056; 6388; D; 16372; E; 16114; 18265; s32; A; 1302; 14968; B; 14227; 16033; 6460; C; D; 13904; 20991; SN; E; 16369; 20983; s33; A; 13652; 13720; 6454; B; 15007; 18188; C; 14510; 14519; 5688; D; 14795; 15846; 17053; E; s34; A; 5736; B; 1157; 13780; 16138; C; 14508; 6449; D; 14518; 16374; 6470; E; 17052; 19475; 5657; s35; A; 9612; B; 13117; 5675; 6333; C; 17556; D; 14515; 5658; E; 5690; 5692; s36; A; 5085; 5741; 698; B; 6469; C; 14029; 14521; sn; D; 14511; 16376; E; 6408; 6458; s37; A; 13719; 14513; 5032; B; 14228; 17764; 222; C; 18261; 6386; D; 5031; E; 14547; 24285; s38; A; 15544; 16737; 6463; B; 13121; 14033; 15360; C; 14354; 16745; 6385; D; 14071; 14788; 16380; E; 13122; 20200; 209; s39; A; 15974; B; 13116; 13170; 2500; C; 14041; D; 16016; 5742; E; 14961; 6352; s40; A; B; 15906; 5693; 6348; C; 1378; D; 14056; 14352; 6327; E; 1381; 14036; 17416; s41; A; 16258; 20839; B; 13127; 6351; C; 13239; 14043; 5677; D; 13120; 17408; 5679; E; 13125; 17057; s42; A; 15395; 16373; B; 14787; C; sn; D; 13657; 5691; E; 2505; s43; A; 16748; 5746; B; 15890; C; 16030; 16031; 5049; D; 5630; 5635; E; 16260; 5463; 5638; s44; A; 13233; 667; B; 13256; 16113; C; 16255; 5040; 5047; D; 15915; 5732; 5750; E; 16099; 663; s45; A; 5636; 6419; B; C; 14783; 14794; 6416; D; 13700; 16071; 349; E; 15870; 19224; 20273; s46; A; 324; B; 15008; 16009; 6417; C; D; 16032; 315; 353; E; 6456; s47; A; 6420; sn; B; 6461; SN; C; 278; 348; sn; D; 20156; sn; E; 20795; s48; A; 14793; 16613; 16774; B; SN; C; 15772; 16770; 19894; D; 14786; 700; sn; E; 5990; sn; s49; A; 13702; 6387; SN; B; 17990; 5046; 5673; C; 16542; 2122; D; 16041; 5645; E; 19231; 2974; 5028; s50; A; 192; B; 5672; 6362; C; 223; D; 16540; 17995; E; s51; A; 1378; 3002; B; 14230; 5646; C; 16543; 7063; D; 17555; 2977; 5674; E; 16275; 18168; 682; s52; A; 16029; B; 521; 5245; C; 15732; 5647; D; 494; E; 6345; s53; A; 5794; B; 14507; 5644; 6346; C; 14517; 16252; D; 135T; 5029; E; 16109; 2125; 6344; s54; A; 12500; 6341; B; 6384; C; 14226; 16047; D; 16115; 16375; E; 16253; 5034; s55; A; 24976; B; 5670; 6342; 6468; C; 13263; 5668; D; 14520; 5671; 6336; E; 14514; 16541; 5050; s56; A; 5687; 6340; B; 16103; C; 5669; D; 15729; 5627; 9280; E; 16043; 5628; s57; A; 13119; 13237; B; 16079; 16445; C; 16149; 5686; D; 13274; 15878; 24274; E; 16359; 5499; s58; A; 5684; 5776; B; 16116; 5685; C; D; 16005; 5634; E; 24271; 5033; s59; A; 13231; 14544; B; 14798; 16256; 5739; C; 13232; 5250; 5733; D; 5640; 5665; 5728; E; 1300; 5497; 5639; s60; A; 16077; 6359; 669; B; 5667; 5689; sn; C; 5042; 6210; D; 16017; E; 16013; 16027; libri sc; s61; A; B; 14546; 5041; C; 5991; 671; D; 21857; 5247; E; sn; s62; A; 5036; 5053; 7038; B; 13294; 2543; 543; C; 21589; 532; 5641; D; 16024; 20806; 22825; E; 16457; 431; 536; s63; A; 1260; 16446; 526; B; 15904; 22812; 5745; C; 242; 25834; sn; D; 16840; 22826; 24250; E; 16360; 16841; 19836; s64; A; 15920; 25875; B; 18444; 22828; C; 211; 22819; 25518; D; 20824; sn; E; 1087; 14065; 702; s65; A; 19 cv; 36 cv; 37 cv; B; 02 cv; 44 sa; 45 sa; C; 01 sa; 24 sa; 43 sa; D; 03 cv; 03 sa; 22 sa; E; 01 cv; 02 sa; 23 sa; s66; A; 1948 cv; 38 cv; 44 cv; B; 24 cv; 25 cv; 27 cv; C; 27 cv; 28 cv; 29 cv; D; 30 cv; 31 cv; 32 cv; E; 33 cv; 34 cv; 35 cv; s67; A; 03bis cv; 04 cv; 05 cv; B; 06 cv; 07 cv; 08 cv; C; 09 cv; 42 cv; 43 cv; D; 40 cv; 41 cv; 46 cv; E; 23 cv; 38 cv; 45 cv; s68; A; 46 sa; 47 sa; 48 sa; B; 49 sa; 50 sa; 53 sa; C; 51 sa; 52 sa; D; 54 sa; 55 sa; 56 sa; E; 57 sa; 61 sa; 62 sa; s69; A; 25 sa; 26 sa; 27 sa; B; 28 sa; 30 sa; 32 sa; C; 34 sa; 35 sa; 36 sa; D; 37 sa; 38 sa; 39 sa; E; 40 sa; 41 sa; 42 sa; s70; A; 04 sa; 05 sa; 06 sa; B; 07 sa; 08 sa; 11 sa; C; 12 sa; 14 sa; 15 sa; D; 16 sa; 17 sa; 18 sa; E; 19 sa; 20 sa; 21 sa; s71; A; 17750; 22725; 23449; B; 19740; 20990; 24959; C; 19734; 21455; 24956; D; 17417; 17428; 20984; E; 18592; 20836; 20837; s72; A; 19728; 19737; 19738; B; 17421; 18185; 22810; C; 19772; 20036; 21737; D; 20035; 22811; 30957; E; 18325; 20138; 21460; s73; A; 19727; 20545; 21626; B; 19464; 21619; 25843; C; 20140; 20187; 25787; D; 15764; 17422; 19954; E; 18189; 21944; 24253; s74; A; 1462; 17924; 25851; B; 13879; 13940; 28011; C; 17427; 18326; 19463; D; 17425; 20188; 20986; E; 17748; 17921; 19827; s75; A; 13929; 13936; 25522; B; 13935; 17920; 22833; C; 19856; 19872; 21662; D; 18822; 23447; 28019; E; 13931; 19853; 21809; s76; A; 1444; 18825; 28542; B; 1349; 1457; 25807; C; 1702; 1872; 25831; D; 1322; 13880; 21661; E; 19879; ADFI; s77; A; 25541; 25881; B; 1379; 13913; 524; C; 1226; 1784; 569; D; 13928; 17926; 25666; E; 1299; 20985; 22816; s78; A; 13882; 23416; 25718; B; 13934; 17923; 24968; C; 1234; 1237; 564; D; 16111; 24962; 24964; E; 18824; 23435; 24960; s79; A; B; 19478; 25485; 28556; C; 1240; 1717; 21738; D; 24963; 24994; 25003; E; 16110; 24971; 24978; s80; A; 24999; 25008; 25497; B; 18443; 24990; 27258; C; 18442; 18447; 24966; D; 20665; 22815; 24967; E; 24996; 27779; 31342; s81; A; 20150; 25714; 28555; B; 1450; 1453; 756; C; 1439; 21925; D; 16833; 2497; 866; E; 13875; 20198; 878; s82; A; 23341; 27264; 27277; B; 1198; 16747; 563; C; 13886; 17560; 24676; D; 1169; 1666; 17342; E; 16746; 17354; 562; s83; A; 23340; 25818; 27854; B; 1228; 1748; 220; C; 1199; 17051; 54; D; 1255; 1404; 1752; E; 1022; 17433; 1782; s84; A; 1298; 477; 89; B; 1239; 1271; 1680; C; 1270; 1616; 1831; D; 1214; 1276; 1277; E; 1490; 631; 734; s85; A; 1206; 1279; 22766; B; 1003; 1196; 1250; C; 1783; 1785; 27300; D; 1211; 1439; 1440; E; 1002; 570; 571; s86; A; 16020; 16034; 5730; B; 15620; 18186; 433; C; 17456; 6451; 907; D; 13118; 16048; 6343; E; 13126; 14522; 5753; s87; A; 15942; 17734; 753; B; 14064; 20799; 5676; C; 16008; 16011; 16886; D; 15355; 19912; 20367; E; 15396; 15912; 20681; s88; A; 25878; s89; A; 22772; 25820; 25884; B; 25684; 25897; 28048; C; 25536; 25538; 28949; D; 23760; 27257; 27262; E; 21860; 23702; 24977; s90; A; 22686; 25565; 25896; B; 23695; 25695; 31400; C; 22832; 25899; 28035; D; 22835; 23700; 25495; E; 21660; 23646; 24998; s91; A; 19814; 542; 96; B; 14057; 14509; 21830; C; 16006; 16286; 17405; D; 16088; 317; 322; E; 16038; 5035; 6409; s92; A; 13124; 1423; 5027; B; 14353; 5044; 5051; C; 15895; 17054; 6350; D; 5627; 672; SN; E; 1163; 16040; 6068; s93; A; 13883; 20139; 228; B; 1155; 12513; 16026; C; 13230; 13701; 19805; D; 16264; 497; SN; E; 16025; 19888; 6374; s94; A; 16801; 6330; 908; B; 1463; 16004; 5694; C; 2498; 381; 6349; D; 20989; 25009; 25011; E; 13169; 14797; 738; s95; A; 21922; 5737; B; 15734; 344; SN macero 2003; C; 16002; 17447; 5631; D; 25013; 321; 741; E; 1176; 730; 733; s96; A; 21155; 21164; 24987; B; 21149; 885; 895; C; 907; 908; 910; D; 905; 906; 909; E; 867; 904; 953; s97; A; 17155; 24970; 25004; B; 19941; 24973; 24975; C; 19940; 21165; 25000; D; 19262; 22834; 658; E; 20825; 24985; 25260; s98; A; 126; 128; 20666; B; 20639; 20660; 370; C; 21945; 24986; 25017; D; 1352; 1600; 19295; E; 20528; 20811; 25015; s99; A; 21831; 23434; 6209; B; 23415; 5666; 666; C; 17426; 20667; 24992; D; 18823; 20638; 22687; E; 20663; 21658; SN; s89; s88; A; 25889; ADFI; B; 27253; ADFI; C; 25817; 25828; 27764; D; 25785; 25888; 27261; E; 23714; 23752; 23753; p-02; a01; s102; D; 23 SG; p-03; a01; s102; D; 37 SG; p-04; a01; s102; D; 18 SG; Libri digitali; Kindle; Kavanagh; Living; Nicchia; Ripiano A1; Ripiano A2; Ripiano A3; Ripiano B1; Ripiano B2; Ripiano B3; Ripiano C1; Ripiano C2; Ripiano C3; Ripiano D1; Ripiano D2; Ripiano D3; Ripiano E1; Libreria; Ripiano A1; Ripiano A2; Ripiano A3; Ripiano A4; Ripiano B1; Ripiano B2; Ripiano B3; Ripiano B4; Ripiano C1; Ripiano C2; Ripiano C3; Ripiano C4; Ripiano D1; Ripiano D2; Ripiano D3; Ripiano D4; Ripiano E1; Ripiano E2; Ripiano E3; Ripiano E4; Ripiano F1; Ripiano F2; Ripiano F3; Ripiano F4; Studio; Libreria angolare; Ripiano A1; Ripiano A3; Ripiano A4; Ripiano A5; Ripiano A6; Ripiano A7; Ripiano A8; Ripiano B1; Ripiano B2; Ripiano B3; Ripiano B4; Ripiano A2; Ripiano B5; Ripiano B6; Ripiano B7; Ripiano B8; Ripiano C1; Ripiano C3; Ripiano C4; Ripiano C5; Ripiano C6; Ripiano C7; Ripiano C8; Ripiano D1; Ripiano D2; Ripiano D3; Ripiano D4; Ripiano D5; Ripiano D6; Ripiano D7; Ripiano D8; Ripiano E1; Ripiano E2; Ripiano E3; Ripiano E4; Ripiano E5; Ripiano E6; Ripiano E7; Ripiano E8; Ripiano F1; Ripiano F2; Ripiano F3; Ripiano F4; Ripiano F5; Ripiano F6; Ripiano F7; Ripiano G1; Ripiano G2; Ripiano G3; Ripiano G4; Ripiano H1; Ripiano H2; Ripiano H3; Ripiano H4; Ripiano C2; Libreria parete; Ripiano A1; Ripiano A2; Ripiano B1; Ripiano B2; Ripiano C1; Ripiano C2; Ripiano D1; Ripiano D2; Ripiano E1; Ripiano E2; Ripiano F1; Ripiano F2; Ciovassino; Living; Armadio 1; Ripiano A; Ripiano B; Ripiano C; Ripiano D; Ripiano E1; Ripiano E2; Ripiano F1; Ripiano F2; Ripiano G1; Ripiano G2; Ripiano H1; Ripiano H2; Camera; Armadio 1; Ripiano A; Ripiano B; Ripiano C; Armadio 2; Ripiano A; Ripiano C; Ripiano B; Studio P. 3; Armadio 1; Ripiano 1.A; Ripiano 1.B; Ripiano 1.C; Ripiano 1.D; Ripiano 1.E; Ripiano 1.F; Ripiano 1.G; Armadio 2; Ripiano 2.A; Ripiano 2.B; Ripiano 2.C; Ripiano 2.D; Ripiano 2.E; Ripiano 2.F; Armadio 3; Ripiano 3.A; Ripiano 3.B; Armadio 4; Ripiano 4.A; Ripiano 4.B; Ripiano 4.C; Ripiano 4.D; Ripiano 4.E; Ripiano 4.F; Ripiano 4.G1; Ripiano 4.G2; Ripiano 4.G3; Ripiano 4.G4; Ripiano 4.G5; Ripiano 4.H1; Ripiano 4.H2; Ripiano 4.H3; Ripiano 4.H4; Ripiano 4.H5; Ripiano 4.H6; Ripiano 4.G6; Armadio 5; Ripiano 5.A; Ripiano 5.B; Ripiano 5.C; Ripiano 5.D; Ripiano 5.E; Ripiano 5.F1; Ripiano 5.F2; Ripiano 5.F3; Armadio 6; Ripiano 6.A; Ripiano 6.B; Armadio 7; Ripiano 7.A; Armadio 8; Ripiano 8.A; Ripiano 8.B; Ripiano 8.C; Ripiano 8.D; Armadio 9; Ripiano 9.A; Ripiano 9.B; Ripiano 9.C; Ripiano 9.D; Ripiano 9.E; Armadio 10; Ripiano 10.A; Ripiano 10.B; Ripiano 10.C; Ripiano 10.D.1; Ripiano 10.D.2; Ripiano 10.D.3; Palermo; LIVING COMEDOR; Libreria; Ripiano A; Ripiano B; Ripiano C; Ripiano D; Ripiano E; Ripiano F; Ripiano G; Ripiano H; LIVING STUDIO; LIBRERIA; Ripiano A1; Ripiano B1; Ripiano C1; Ripiano E1; Ripiano A2; Ripiano A3; Ripiano A4; Ripiano B2; Ripiano B3; Ripiano B4; Ripiano C2; Ripiano C3; Ripiano C4; Ripiano D1; Ripiano D2; Ripiano D3; Ripiano D4; Ripiano E2; Ripiano E3; Ripiano E4; TAVOLO CONSOLLE; Ripiano A; NICCHIA; Ripiano A; Ripiano B; Ripiano C; Ripiano D; Ripiano E; Ripiano F; STUDIO; LIBRERIA PARETE; Ripiano A1; Ripiano A2; Ripiano A3; Ripiano A4; Ripiano B6; Ripiano B1; Ripiano B2; Ripiano B3; Ripiano B4; Ripiano B5; Ripiano C1; Ripiano C2; Ripiano C3; Ripiano C4; Ripiano C5; Ripiano D6; Ripiano D1; Ripiano D2; Ripiano D3; Ripiano D4; Ripiano D5; Ripiano E1; Ripiano E2; Ripiano E3; Ripiano E4; Ripiano E5; Ripiano F6; Ripiano F1; Ripiano F2; Ripiano F3; Ripiano F4; Ripiano F5; Ripiano G1; Ripiano G2; Ripiano H3; Ripiano H4; Ripiano G5; Ripiano H6; Ripiano H1; Ripiano H2; Ripiano H5; Ripiano I5; Ripiano J6; Ripiano J5; Ripiano K5; Ripiano L5; Ripiano L6; Ripiano A5; LIBRERIA TV; Ripiano C1; Ripiano C2; Ripiano C4; Ripiano C5; Ripiano C6; Ripiano C7; Ripiano D1; Ripiano D2; Ripiano D4; Ripiano D7; Ripiano E1; Ripiano E2; Ripiano E4; Ripiano E7; Ripiano A1; Ripiano A2; Ripiano A3; Ripiano A4; Ripiano A5; Ripiano A6; Ripiano A7; Ripiano B1; Ripiano B2; Ripiano B4; Ripiano B5; Ripiano B6; Ripiano B7; DA COLLOCARE; DORMITORIO; MENSOLA DX; Ripiano A; MENSOLA SX; Ripiano A; CAMERA OSPITI; CAMERA OSPITI FONDO; Messico; Doni e Prestiti; Doni; Prestiti; Rinconada; Villa Maria - Martinez; Salotto; Libreria; Ripiano A1; Ripiano B1; Ripiano C1; Ripiano D1; Ripiano A2; Ripiano B2; Ripiano C2; Ripiano D2; Biblioteca; Libreria sx; Ripiano A1; Ripiano A2; Ripiano B1; Ripiano B2; Ripiano C1; Ripiano C2; Ripiano D1; Ripiano D2; Ripiano E1; Ripiano E2; Ripiano F1; Ripiano F2; Ripiano G1; Ripiano G2; Ripiano H1; Ripiano H2; Libreria dx; Ripiano A1; Ripiano A2; Ripiano B1; Ripiano B2; Ripiano C1; Ripiano C2; Ripiano D1; Ripiano D2; Ripiano E1; Ripiano E2; Ripiano F1; Ripiano F2; Ripiano D1 [Duplicato]; Corridoio P1; Libreria; Ripiano A1; Ripiano A2; Ripiano A3; Ripiano B1; Ripiano B2; Ripiano B3; Ripiano C1; Ripiano C2; Ripiano C3; Ripiano D1; Ripiano D2; Ripiano D3; Ripiano E1; Ripiano E2; Ripiano E3; Ripiano F1; Ripiano F2; Ripiano F3; Ripiano G1; Ripiano G2; Ripiano G3; Ripiano H1; Ripiano H3; Studio BON P1; Mobile finestra; Ripiano A2; Ripiano A3; Ripiano B1; Ripiano B2; Ripiano B3; Ripiano C1; Ripiano C3; Ripiano A1; Ripiano C2; Ripiano 0; Mobile poltrona; Ripiano A1; Ripiano B1; Ripiano C1; Camera ABR P1; Nicchia; Ripiano A; Ripiano B; Ripiano C; Ripiano D; Ripiano E; Ripiano F; Ripiano G; Ripiano H; Mansarda P2; Libreria; Ripiano A1; Ripiano A2; Ripiano A3; Ripiano A4; Ripiano A5; Ripiano B1; Ripiano B2; Ripiano B3; Ripiano B4; Ripiano B5; Ripiano C1; Ripiano C2; Ripiano C3; Ripiano C4; Ripiano C5; Ripiano D1; Ripiano D4; Ripiano D5; Ripiano E4; Nicchia; Ripiano A; Cantina; Libreria; Ripiano A1; Ripiano A2; Ripiano A3; Ripiano A4; Ripiano B1; Ripiano B2; Ripiano B3; Ripiano B4; Ripiano C1; Ripiano C2; Ripiano C3; Ripiano C4; Ripiano D1; Ripiano D2; Ripiano D3; Ripiano D4; Ripiano E1; Ripiano E2; Ripiano E3; Ripiano E4; Ripiano F1; Ripiano F2; Ripiano F3; Ripiano F4; Ripiano G1; Ripiano G2; Ripiano G3; Ripiano G4; Ripiano H4; Villa Maria - Santa Margherita Ligure; Sala da pranzo P0; Scaffale 1; Scaffale 2; Scaffale 3; Atrio; Scaffale 4; Scaffale 5; Scaffale 6; Scaffale 7; Salone P0; Scaffale 8; Scaffale 9; Primo piano P1; Scaffale 10; Scaffale 11; Scaffale 12; Scaffale 13; Scaffale 14; Cantina
standard_object_ui,screen_12_23,fotografia,ca_attribute_collocazione_txt,Text,,Collocazione testuale,FALSE,TRUE,
standard_object_ui,screen_12_23,fotografia,ca_attribute_container.container_type,Text,,Unità di conservazione,TRUE,TRUE,
standard_object_ui,screen_12_23,fotografia,ca_attribute_container.container_number,Text,,Numero / i,TRUE,TRUE,
standard_object_ui,screen_12_23,fotografia,ca_attribute_container.epoca,List,epoca,Epoca,TRUE,TRUE,coeva; successiva; originale
standard_object_ui,screen_12_23,fotografia,ca_attribute_container.titolo_unitacons,Text,,Titolo,TRUE,TRUE,
standard_object_ui,screen_12_23,fotografia,ca_attribute_acquisizione,Text,,Acquisizione,FALSE,FALSE,
standard_object_ui,screen_12_23,fotografia,ca_attribute_condizione_giuridica,Text,,Condizione giuridica,FALSE,FALSE,
standard_object_ui,screen_12_23,fotografia,ca_attribute_notifiche_provvedimenti_tutela,Text,,Notifiche/Provvedimenti di tutela,FALSE,TRUE,
standard_object_ui,screen_12_23,fotografia,ca_attribute_utilizzo,Text,,Utilizzo,FALSE,TRUE,
standard_object_ui,screen_12_23,fotografia,ca_attribute_alienazioni,Text,,Alienazioni,FALSE,TRUE,
standard_object_ui,screen_12_23,fotografia,ca_attribute_esportazioni,Text,,Esportazioni,FALSE,TRUE,
standard_object_ui,screen_12_24,fotografia,ca_attribute_originalsloc,Text,,Esistenza e localizzazione degli originali,FALSE,FALSE,
standard_object_ui,screen_12_24,fotografia,ca_attribute_altformavail,Text,,Esistenza e localizzazione di copie,FALSE,FALSE,
standard_object_ui,screen_12_24,fotografia,ca_attribute_relatedmaterial,Text,,Fonti collegate,FALSE,FALSE,
standard_object_ui,screen_12_24,fotografia,ca_attribute_bibliography,Text,,Bibliografia,FALSE,TRUE,
standard_object_ui,screen_12_9,fotografia,ca_attribute_archivistnote,Text,,Note dell'archivista,FALSE,TRUE,
standard_object_ui,screen_12_9,fotografia,ca_attribute_rules_conventions,Text,,Norme e/o convenzioni,FALSE,TRUE,
standard_object_ui,screen_12_9,fotografia,ca_attribute_responsabilita.funz_responsabile,Text,,Funzionario responsabile,TRUE,TRUE,
standard_object_ui,screen_12_9,fotografia,ca_attribute_responsabilita.data_comp,DateRange,,Data compilazione,TRUE,TRUE,
standard_object_ui,screen_12_9,fotografia,ca_attribute_responsabilita.azione_resp,List,stato_azione_resp,Azione,TRUE,TRUE,creazione; bozza; revisione; versione finale; pubblicazione
standard_object_ui,screen_12_9,fotografia,ca_attribute_responsabilita.compilatore,Text,,Compilatore,TRUE,TRUE,
standard_object_ui,screen_12_9,fotografia,ca_attribute_responsabilita.note_compilazione,Text,,Note,TRUE,TRUE,
standard_object_ui,screen_12_9,fotografia,status,,,,FALSE,FALSE,
standard_object_ui,screen_12_9,fotografia,ca_attribute_id_source,Text,,Identificativo di origine,FALSE,FALSE,
standard_object_ui,screen_12_9,fotografia,ca_attribute_creazione_scheda,CreateLog,,Creazione scheda,FALSE,FALSE,
standard_object_ui,access_points,fotografia,ca_objects,,,,FALSE,FALSE,
standard_object_ui,access_points,fotografia,ca_entities,,,,FALSE,FALSE,
standard_object_ui,access_points,fotografia,ca_attribute_destinatario.intestazione_dest,Text,,Intestazione,TRUE,TRUE,
standard_object_ui,access_points,fotografia,ca_attribute_destinatario.ruolo_dest,Text,,Ruolo,TRUE,TRUE,
standard_object_ui,access_points,fotografia,ca_attribute_firmatario.intestazione_firm,Text,,Intestazione,TRUE,TRUE,
standard_object_ui,access_points,fotografia,ca_attribute_firmatario.ruolo_firm,Text,,Ruolo,TRUE,TRUE,
standard_object_ui,access_points,fotografia,ca_places,,,,FALSE,FALSE,
standard_object_ui,access_points,fotografia,ca_attribute_georeference,Geocode,,Georeferenziazione,FALSE,TRUE,
standard_object_ui,access_points,fotografia,ca_occurrences,,,,FALSE,FALSE,
standard_object_ui,access_points,fotografia,ca_occurrences,,,,FALSE,FALSE,
standard_object_ui,access_points,fotografia,ca_occurrences,,,,FALSE,FALSE,
standard_object_ui,access_points,fotografia,ca_collections,,,,FALSE,FALSE,
standard_object_ui,access_points,fotografia,ca_occurrences,,,,FALSE,FALSE,
standard_object_ui,access_points,fotografia,ca_attribute_descriptor,Text,,Descrittori,FALSE,TRUE,
standard_object_ui,access_points,fotografia,ca_loans,,,,FALSE,FALSE,
standard_object_ui,access_points,fotografia,ca_object_lots,,,,FALSE,FALSE,
standard_object_ui,access_points,fotografia,ca_attribute_scheda_iccd,Text,,Scheda ICCD (Numero di catalogo generale),FALSE,FALSE,
standard_object_ui,access_points,fotografia,ca_attribute_tema_dewey,List,tema_dewey,Tema Dewey,FALSE,TRUE,"Arte; Architettura; Alpi; Argentina; Inghilterra; Italia; Mondo; Salvador di Bahia; Arti decorative; Perú; Fotografia; Italia; Generale; America Latina; Argentina; Bolivia; Europa; Francia; Germania; Giappone; Gran Bretagna; Irlanda; Italia; Mondo; Paesi Bassi; Patagonia; Russia; Scozia; Spagna; Svezia; Svizzera; Turchia; Uruguay; Venezia; Pittura; Europa; Francia; Italia; Scultura; Italia; Cinema; Disegno; Attività ricreative; Danza; Giochi; Sport; Alpinismo; Teatro; Filosofia e psicologia; Filosofia; Psicologia; Generalità; Altro; Collezioni di riviste; Raccolte Generali; Opere enciclopediche; Geografia e storia; Geografia; Amazzonia; America Latina; Argentina; Asia; Australia; Cile; Cina; Colombia; Egitto; Europa; Francia; Germania; Gran Bretagna; Italia; Mondo; Patagonia; Perú; Scandinavia; Spagna; Stati Uniti; Terra del Fuoco; Storia; Africa; America; America Latina; Argentina; Argentina: Italia; Asia e Medio Oriente; Austria; Cile; Cina; Europa; Francia; Germania; Giappone; Gran Bretagna; Grecia; Imprenditori; Iran; Isole Falkland (Malvine); Italia; Medio Oriente; Mondo; Panama; Patagonia; Regno Unito; Russia; Spagna; Stati Uniti; Vietnam; Letteratura; Generale; Germania; Italia; Stati Uniti; Francia; Letteratura greca e latina; Satira e umorismo; Storia e critica; Linguaggio; Dizionari; Grammatica; Musica e teatro; Musica; Teatro; Religione; Antico e Nuovo Testamento; Collezioni di riviste; Cristianesimo e società; Associazioni; Discipline secolari; Donne; Famiglia; Generale; Giovani; Lavoro; Politica; Devozione; Dottrina; Generale; Lavoro pastorale; Catechismo; Commento ai testi sacri; Generale; Letture e meditazioni; Predicazione; Liturgia; Breviari; Generale; Messali; Settimana Santa; Luoghi santi; Italia; Lombardia; Napoli; Piemonte; Roma; San Genesio; Terra Santa; Umbria; Veneto; Persone; Storia della Chiesa; Eresie; Generale; Protestantesimo; Rito ambrosiano; Teologia; Scienze applicate; Agricoltura; Culinaria; Management; Medicina; Tecnologia; Scienze naturali e matematiche; Astronomia; Fisica; Generale; Matematica; Zoologia; Scienze sociali, politiche, economiche; Antropologia; Diritto; Economia; Politica; Sociologia; Scienze militari"
standard_object_ui,media,fotografia,ca_object_representations,,,,FALSE,FALSE,
standard_object_ui,media,fotografia,ca_attribute_external_link.url_line1,Container,,Nome del sito web,TRUE,TRUE,
standard_object_ui,media,fotografia,ca_attribute_external_link.url_line2,Container,,URL,TRUE,TRUE,
standard_object_ui,media,fotografia,ca_attribute_external_link.tipoLink,List,tipoLink,Tipologia,TRUE,TRUE,fonte; bibliografia; approfondimento; BID; BID superiore
standard_object_ui,media,fotografia,ca_attribute_external_link.note_link,Text,,Note,TRUE,TRUE,
standard_object_ui,media,fotografia,ca_attribute_external_link.url_source,Text,,Nome del sito,TRUE,TRUE,
standard_object_ui,media,fotografia,ca_attribute_external_link.url_entry,Url,,URL,TRUE,TRUE,
standard_object_ui,media,fotografia,ca_attribute_nome_file,Text,,Nome file,FALSE,TRUE,
standard_object_ui,notes,fotografia,ca_attribute_note,Text,,Note,FALSE,TRUE,
standard_object_ui,notes,fotografia,ca_attribute_archivistnote,Text,,Note dell'archivista,FALSE,TRUE,
standard_object_ui,notes,fotografia,ca_attribute_appunti_lavoro,Text,,Appunti di lavoro,FALSE,TRUE,
standard_object_ui,notes,fotografia,ca_attribute_nomeFile,Text,,Nome file o directory,FALSE,TRUE,